task,shot,split,source_row,patient_id,actual_label,predicted_label,correct,confidence,reason,evidence,error,raw_output,patient_text
hypertension,zero_shot,test,1,19cce60b-020e-40e2-a274-5ee300107de1,1,1,1,0.95,"The patient has multiple readings of elevated blood pressure, specifically a systolic reading of 193.0 mmHg and a diastolic reading of 114.0 mmHg, which meets criteria for hypertension.","[""Systolic Blood Pressure: 193.0 mmHg"", ""Diastolic Blood Pressure: 114.0 mmHg"", ""Systolic Blood Pressure: 191.0 mmHg"", ""Diastolic Blood Pressure: 115.0 mmHg""]",,"{""label"": 1, ""confidence"": 0.95, ""reason"": ""The patient has multiple readings of elevated blood pressure, specifically a systolic reading of 193.0 mmHg and a diastolic reading of 114.0 mmHg, which meets criteria for hypertension."", ""evidence"": [""Systolic Blood Pressure: 193.0 mmHg"", ""Diastolic Blood Pressure: 114.0 mmHg"", ""Systolic Blood Pressure: 191.0 mmHg"", ""Diastolic Blood Pressure: 115.0 mmHg""]}","Demographics: born 1997-07-12, gender M, race white, ethnicity scottish. Encounters: Encounter for symptom; Outpatient Encounter. Medications: Penicillin V Potassium 250 MG; Acetaminophen 160 MG. Procedures: Measurement of respiratory function (procedure); Documentation of current medications. Observations: Body Height: 166.25 cm; Body Weight: 50.44 kg; Body Mass Index: 18.25 kg/m2; Systolic Blood Pressure: 116.0 mmHg; Diastolic Blood Pressure: 80.0 mmHg; Body Height: 168.81 cm; Body Weight: 52.3 kg; Body Mass Index: 18.35 kg/m2; Systolic Blood Pressure: 100.0 mmHg; Diastolic Blood Pressure: 88.0 mmHg; Body Height: 175.43 cm; Body Weight: 58.16 kg; Body Mass Index: 18.9 kg/m2; Systolic Blood Pressure: 133.0 mmHg; Body Height: 179.05 cm; Body Weight: 63.24 kg; Body Mass Index: 19.73 kg/m2; Systolic Blood Pressure: 115.0 mmHg; Diastolic Blood Pressure: 77.0 mmHg; Body Height: 180.83 cm; Body Weight: 67.39 kg; Body Mass Index: 20.61 kg/m2; Diastolic Blood Pressure: 71.0 mmHg; Body Height: 181.59 cm; Body Weight: 70.05 kg; Body Mass Index: 21.24 kg/m2; Systolic Blood Pressure: 193.0 mmHg; Diastolic Blood Pressure: 114.0 mmHg; Estimated Glomerular Filtration Rate: 60.0 mL/min/{1.73_m2}; Body Height: 181.98 cm; Body Weight: 72.02 kg; Body Mass Index: 21.75 kg/m2; Systolic Blood Pressure: 191.0 mmHg; Diastolic Blood Pressure: 115.0 mmHg. Immunizations: Influenza seasonal injectable preservative free; HPV quadrivalent; meningococcal MCV4P."
hypertension,zero_shot,test,2,38e6c1cc-c06a-4587-9e7d-4c97d3e1331b,0,1,0,0.95,"The patient has multiple blood pressure readings, including one measurement (134/89 mmHg) that meets criteria for elevated or Stage 1 hypertension.","[""Systolic Blood Pressure: 134.0 mmHg; Diastolic Blood Pressure: 89.0 mmHg"", ""Systolic Blood Pressure: 129.0 mmHg; Diastolic Blood Pressure: 81.0 mmHg""]",,"{
  ""label"": 1,
  ""confidence"": 0.95,
  ""reason"": ""The patient has multiple blood pressure readings, including one measurement (134/89 mmHg) that meets criteria for elevated or Stage 1 hypertension."",
  ""evidence"": [
    ""Systolic Blood Pressure: 134.0 mmHg; Diastolic Blood Pressure: 89.0 mmHg"",
    ""Systolic Blood Pressure: 129.0 mmHg; Diastolic Blood Pressure: 81.0 mmHg""
  ]
}","Demographics: born 1956-02-11, gender M, race white, ethnicity italian. Encounters: Outpatient Encounter; Encounter for symptom. Medications: diphenhydrAMINE Hydrochloride 25 MG Oral Tablet; Fluticasone propionate 0.25 MG/ACTUAT / salmeterol 0.05 MG/ACTUAT [Advair]; Acetaminophen 160 MG. Procedures: Spirometry (procedure); Pulmonary rehabilitation (regime/therapy); Documentation of current medications; Measurement of respiratory function (procedure). Observations: FEV1/​FVC: 10.0 %; Body Height: 176.62 cm; Body Weight: 116.93 kg; Body Mass Index: 37.48 kg/m2; Systolic Blood Pressure: 127.0 mmHg; Diastolic Blood Pressure: 84.0 mmHg; Systolic Blood Pressure: 129.0 mmHg; Diastolic Blood Pressure: 81.0 mmHg; FEV1/​FVC: 22.0 %; Systolic Blood Pressure: 134.0 mmHg; Diastolic Blood Pressure: 89.0 mmHg; Total Cholesterol: 160.0 mg/dL; Triglycerides: 134.0 mg/dL; Low Density Lipoprotein Cholesterol: 71.0 mg/dL; High Density Lipoprotein Cholesterol: 62.0 mg/dL; FEV1/​FVC: 29.0 %; Diastolic Blood Pressure: 76.0 mmHg; FEV1/​FVC: 18.0 %; Diastolic Blood Pressure: 77.0 mmHg; FEV1/​FVC: 21.0 %; Body Weight: 115.51 kg; Body Mass Index: 37.03 kg/m2; Systolic Blood Pressure: 111.0 mmHg; Diastolic Blood Pressure: 75.0 mmHg; Total Cholesterol: 197.0 mg/dL; Triglycerides: 111.0 mg/dL; Low Density Lipoprotein Cholesterol: 99.0 mg/dL; High Density Lipoprotein Cholesterol: 75.0 mg/dL. Immunizations: Influenza seasonal injectable preservative free; zoster."
hypertension,zero_shot,test,3,09dfa823-001c-43c8-a379-2d628e4cdfa1,0,0,1,0.95,The recorded blood pressure readings are within the normal or elevated range but do not meet established criteria for diagnosing hypertension.,"[""Systolic Blood Pressure: 118.0 mmHg; Diastolic Blood Pressure: 71.0 mmHg"", ""Systolic Blood Pressure: 137.0 mmHg; Diastolic Blood Pressure: 80.0 mmHg"", ""Systolic Blood Pressure: 116.0 mmHg; Diastolic Blood Pressure: 76.0 mmHg""]",,"{""label"": 0, ""confidence"": 0.95, ""reason"": ""The recorded blood pressure readings are within the normal or elevated range but do not meet established criteria for diagnosing hypertension."", ""evidence"": [""Systolic Blood Pressure: 118.0 mmHg; Diastolic Blood Pressure: 71.0 mmHg"", ""Systolic Blood Pressure: 137.0 mmHg; Diastolic Blood Pressure: 80.0 mmHg"", ""Systolic Blood Pressure: 116.0 mmHg; Diastolic Blood Pressure: 76.0 mmHg""]}","Demographics: born 1973-05-11, gender F, race white, ethnicity french. Encounters: Outpatient Encounter; Patient encounter procedure; Encounter for symptom; Prenatal initial visit; Prenatal visit. Medications: Penicillin V Potassium 250 MG; Acetaminophen 160 MG. Procedures: Documentation of current medications; Replacement of contraceptive intrauterine device; Measurement of respiratory function (procedure); Removal of intrauterine device; Standard pregnancy test. Observations: Body Height: 161.91 cm; Body Weight: 86.13 kg; Body Mass Index: 32.86 kg/m2; Systolic Blood Pressure: 118.0 mmHg; Diastolic Blood Pressure: 71.0 mmHg; Total Cholesterol: 160.0 mg/dL; Triglycerides: 107.0 mg/dL; Low Density Lipoprotein Cholesterol: 66.0 mg/dL; High Density Lipoprotein Cholesterol: 72.0 mg/dL; Body Weight: 90.92 kg; Body Mass Index: 34.68 kg/m2; Systolic Blood Pressure: 137.0 mmHg; Diastolic Blood Pressure: 80.0 mmHg; Body Weight: 94.16 kg; Body Mass Index: 35.92 kg/m2; Systolic Blood Pressure: 116.0 mmHg; Diastolic Blood Pressure: 76.0 mmHg; Total Cholesterol: 173.0 mg/dL; Triglycerides: 116.0 mg/dL; Low Density Lipoprotein Cholesterol: 78.0 mg/dL; High Density Lipoprotein Cholesterol: 71.0 mg/dL. Immunizations: Influenza seasonal injectable preservative free; Td (adult) preservative free."
